package	patch_sha256	manifest_rev	fetched_head	apply_check	files_touched
PrimeNumberTheoremAnd	0890432340c0025973bcfe070b634355fa366cc831595f68526e4c73c8903d82	c39a751132c88b6e8080b74c74023fd95b3d8be0	c39a751132c88b6e8080b74c74023fd95b3d8be0	APPLIES	55
belyi	f54c2e211464c0f8194ce63a80a6562489f23f688b1c233efe3c2debfc1b9f66	9ce4d3f793d3bc831f2fc7214b7dbad90ea012d8	9ce4d3f793d3bc831f2fc7214b7dbad90ea012d8	APPLIES	15
formal-schemes	5376716aa94fe0c6907570d650dd6604f170687c218cea7028d09b9f95877cea	51aa935079537bf4dc580751a6e70727fb23ca93	51aa935079537bf4dc580751a6e70727fb23ca93	APPLIES	5
elliptic-curves	69e6575dae5797d43242694dc737b400b3e1e8fcb854094fead2a204a1f58632	bebec3fc9f2602e81c83e5236789572a541c85fb	bebec3fc9f2602e81c83e5236789572a541c85fb	APPLIES	22
tempered-fundamental-groups	f2e51b5f38459f11515c21801c92c39de85a8feb5f2b490ebbe07a93511a8860	2006651f52b70ea2fe3388238c7d9db14d21748f	2006651f52b70ea2fe3388238c7d9db14d21748f	APPLIES	6
oka	02995b860e7d566a10adc3488439d38abc06dcb317ae4576d504c71c921816e7	75dcdc3faadd10b986afb9283e89902bcdddecd4	75dcdc3faadd10b986afb9283e89902bcdddecd4	APPLIES	87
orbicurve-cores	4376110b9b7c823057cda21479a45de688c5138c81e5d4f1c050b632f168b93d	61616dcd77fbe45c083a8ebfa7cc80728f86e841	61616dcd77fbe45c083a8ebfa7cc80728f86e841	APPLIES	26
pi1	816e0d8123d5622c5b3415675638053ae31126a829e4f21d96f7af28db292f5f	ca7def953193f861a462aa0831eec8f0a31ff69f	ca7def953193f861a462aa0831eec8f0a31ff69f	APPLIES	19
heights	bd3b58a301df273a199d9a0fe486b25d194df176afe32583289d42b64ab583a3	721496ca4c158e511d25d8ccf6bfe8503eda73c1	721496ca4c158e511d25d8ccf6bfe8503eda73c1	APPLIES	17
genl	3a9edd7dd539e98f81145a3b6cc980c9d62a821b7d41e2591f9aa5c557a7b6fa	ea2846c877d1e16d8f0b911a5fed07f5ee69eaaf	ea2846c877d1e16d8f0b911a5fed07f5ee69eaaf	APPLIES	3
tate-curves-theta	885a19a0dc2d004aaece1987e2b7d2ff4745aef8881cbc53971a852cc5644c3f	ca6c2279d3cea0690cdb01328e727118d5485d68	ca6c2279d3cea0690cdb01328e727118d5485d68	APPLIES	3
iut	610ef069f7de5a5d500ead287287b60f193269ea4ddc0011101a9c7c98356dd4	d9465c111ec4073709f67e9fccec7e3eb374a816	d9465c111ec4073709f67e9fccec7e3eb374a816	APPLIES	29
gromov	26a1924bef774183a2e0865f144b782dc1f78eb0246993a31a5d63193b7781bb	8db79f13cf211b570e3116301d91379fbc01cf3e	8db79f13cf211b570e3116301d91379fbc01cf3e	APPLIES	63
SphereEversion	5c7c8dba85e4636ed2fec14a5765e937f2b1c428eadb12168645b9d2c0046098	9c53f91e2a281199163ecea04dc4976cb79e2076	9c53f91e2a281199163ecea04dc4976cb79e2076	APPLIES	2
schoenflies-lean	4cbc255a2be785e6b617ecd61cdaf67e6d236d65a87f284380f2713670c8e350	05a43d29cde026618777db3d4e4316204ccca237	05a43d29cde026618777db3d4e4316204ccca237	APPLIES	68
ClassFieldTheory	0275686e2febd9c14523a94cbfae105e6cf30997ed0b2a1ea28c84d0d0c12ba5	2eb22d6485af45f29c5219de6c49f196a61c4f49	2eb22d6485af45f29c5219de6c49f196a61c4f49	APPLIES	80
AINTLIB	076bee4cee068ad938e611d266bb32f7f1798189336087e88c08c8b3ac58dff1	160e446617a2168c34c95bbe7a76c4105b392434	160e446617a2168c34c95bbe7a76c4105b392434	APPLIES	158
AbsorptionCutoff	8b35104dc12f807f594f7a61f7a183d967edcd0e601c7172e0e851e4c3adb3ba	41c45c6d72e979419e46224bb7b4be5cee31f2b5	41c45c6d72e979419e46224bb7b4be5cee31f2b5	APPLIES	4
StrongPNT	2cac5cbef22987314f9293bebcf243d0a3341caaf0227925d1f8d4c31be924d7	2f5835c322314f55f1026ec2f139d704b7c45c69	2f5835c322314f55f1026ec2f139d704b7c45c69	APPLIES	10
carleson	8aa67adaeb6ef56967aa78c47a6c743f03ac72c125f503219a72dee5be23168c	306ae5b29300771aece1aa39f0a939183cc59486	306ae5b29300771aece1aa39f0a939183cc59486	APPLIES	29
rellich-kondrachov	0c121d8517dfeadc93ef24fe2deb56beec7cb3998e2552dee8f61c780b1408c8	70f85d4c1bf99c6e7d61e8be4daa6f3664d08d23	70f85d4c1bf99c6e7d61e8be4daa6f3664d08d23	APPLIES	15
Zeta3Irrational	169eb72e9d12740688467a0e6abf63923a60ec5f7ce8f49ca4b3684a22418901	e8785315a01c8fbcddaa0fc03b3c8b29a61bc1f1	e8785315a01c8fbcddaa0fc03b3c8b29a61bc1f1	APPLIES	11
fixed-point-theorems	d70872e41e80b25191538d1659c4aa3a001349b5bd16f806c9e3833a502516e5	770940ddf9878cf61952ed53d910b92bca841838	770940ddf9878cf61952ed53d910b92bca841838	APPLIES	7
